<?xml version="1.0" encoding="UTF-8"?>
<!DOCTYPE log4j:configuration SYSTEM "log4j.dtd">

<log4j:configuration xmlns:log4j="http://jakarta.apache.org/log4j/" debug="false">
 <appender name="console" class="org.apache.log4j.ConsoleAppender">
		<param name="Threshold" value="INFO" />
		<layout class="org.apache.log4j.PatternLayout">
				<param name="ConversionPattern" value="%d{HH:mm:ss} [%c] (%t:%x) %m%n" />
		</layout>		
	</appender>
	
	<appender name="fileAppender" class="org.apache.log4j.FileAppender">
		<param name="Threshold" value="INFO" />
		<param name="File" value="SLB-eJourney-log.log"/>
		<param name="append" value="false"/>
				
			<layout class="org.apache.log4j.PatternLayout">
				<param name="ConversionPattern" value="%d{MM-dd-yyyy HH:mm:ss}  [%c] (%t:%x) %m%n" />
			</layout>
		
	</appender>
	 
	<root>
		<level value="INFO"/>
		<appender-ref ref="fileAppender"/>
		<appender-ref ref="console"/>
	</root>
</log4j:configuration>
