<?xml version="1.0" encoding="UTF-8"?>

<!DOCTYPE suite SYSTEM "https://testng.org/testng-1.0.dtd">
<suite name="Functional Test Suite">

	
<parameter name = "deviceName" value="PCloudy_SAMSUNG_GalaxyS8"/> 
	<parameter name = "appName" value="PCloudy_App"/>
		<parameter name = "strDeviceName" value="PCloudy_SAMSUNG_GalaxyS8"/>
	<parameter name ="browserName" value="N/A"/>
	<parameter name ="URL" value="N/A"/>

	<test name="AutomationTest  Test">
	
		<classes>
			<class name="com.slb.testRunners.TestRunner">
            </class>
		</classes>
	</test> <!-- Test -->
</suite> <!-- Suite -->
